[
    {
        "patrol_id": 140,
        "intro_text": "It starts snowing soon after the patrol sets out",
        "success_text": "Despite the snow, the patrol manages to hunt successfully",
        "fail_text": "The prey must be hiding; the patrol catches nothing and is caught in a snowstorm",
        "decline_text": "They decide to turn back and wait until the snow dies down",
        "antagonize_text": "",
        "antagonize_fail_text": "",
        "chance_of_success": 50,
        "exp": 10,
        "win_skills": ["great hunter", "fantastic hunter"]
    },
    {
        "patrol_id": 141,
        "intro_text": "r_c thinks that it is too cold to patrol and that they should turn back",
        "success_text": "r_c warms up as they patrol the territory and says it isn't so bad anymore",
        "fail_text": "The cold is too much for r_c, they go missing and are later found frozen to death",
        "decline_text": "They decide to turn back and wait for warmer weather",
        "antagonize_text": "",
        "antagonize_fail_text": "",
        "chance_of_success": 50,
        "exp": 10,
        "win_skills": ["good teacher", "great teacher", "fantastic teacher"]
    }
]