{
    "bite-wound": {
        "r_c was bitten hard by a mouse while they trained hunting. Fortunately nobody else was watching, how embarrassing!": 1
    },
    "broken bone": {},
    "bruises": {
        "r_c trained extra hard to impress their mentor, but sadly got injured.": 1
    },
    "claw-wound": {},
    "dislocated joint": {},
    "sprain": {
        "r_c trained extra hard to impress their mentor, but sadly got injured.": 1
    },
    "cracked pads": {
        "r_c trained extra hard to impress their mentor, but sadly got injured.": 1
    },
    "joint pain": {
        "r_c trained extra hard to impress their mentor, but sadly got injured.": 1
    },
    "scrapes": {

    },
    "torn ear": {},
    "torn pelt": {}
}