{
    "from": {
        "romantic_love": [
            "Keeps shyly glancing over at (cat) as the clan talks about kits",
            "Thinks that (cat) is really charming",
            "Might be reading a little too far into (cat)'s kindness",
            "Just noticed how beautiful (cat)'s eyes are",
            "Is hoping that (cat) notices them",
            "Is prancing around in front of (cat)",
            "Is the first cat (cat) thinks of when they get good news"
        ],
        "like": [
            "Is pretending to ward off foxes with (cat)",
            "Is pretending to fight off badgers with (cat)",
            "Is racing (cat) back and forth across the camp clearing",
            "Has a mock battle with (cat)",
            "Hopes that their own kits are as cute as (cat) someday",
            "Is asking (cat) to check them for ticks",
            "Is hiding behind a bush ready to pounce on (cat)",
            "Tells (cat) to get their ailment treated as soon as possible",
            "Plays mossball with (cat)",
            "Is giving (cat) a badger ride on their back!",
            "Calmly explains hunting techniques to (cat) again for the fourth time today",
            "Had a friendly argument with (cat) about which prey tastes the best",
            "Is charmed to hear that (cat) really admires them"
        ],
        "dislike": [
            "Divides (cat) into extra patrols",
            "Chiding (cat) for being so reckless",
            "Told (cat) to stop padding after them like a lost kit",
            "Saw (cat) take the last piece of prey from the freshkill pile",
            "Thinks (cat) has a strange sense of humor"
        ],
        "admiration": [
            "Is watching (cat) perform an almost-decent hunting crouch",
            "Ask (cat) what it's like to be a apprentice",
            "Is admiring (cat) from afar...",
            "Thinks that (cat) is so much braver than them",
            "Is charmed to hear that (cat) really admires them",
            "Went to (cat) for advice about a dream they had"
        ],
        "comfortable": [
            "Is hiding under a bush from (cat), but they can't stop giggling",
            "Is watching over (cat)",
            "Bestowing wisdom onto (cat)",
            "Is telling (cat) in great detail how they would protect them from any danger",
            "Is purring loudly to comfort (cat)",
            "Helps (cat) work through something difficult that happened to them"
        ],
        "jealousy": [
            "Thinks that the prey (cat) is biting into on the other side of camp looks delicious",
            "Has noticed (cat) isn't doing a lot of work lately",
            "Thinks that (cat) is so much braver than them",
            "Whines that (cat) won't play with them, even though they're always around camp",
            "Doesn't understand why (cat) won't let them play in the medicine cat den"
        ],
        "trust": [
            "Is asking (cat) how babies are made",
            "Wants to explore Twoleg place with (cat)",
            "Wants to sneak along the border with (cat)"
        ]
    },
    "to": {
        "romantic_love": [
            "Doesn't want (cat) to overwork themselves",
            "Is prancing around in front of (cat)"
        ],
        "like": [
            "Is pretending to ward off foxes with (cat)",
            "Is pretending to fight off badgers with (cat)",
            "Is racing (cat) back and forth across the camp clearing",
            "Has a mock battle with (cat)",
            "Is hiding under a bush from (cat), but they can't stop giggling",
            "Helps (elder) get around camp",
            "Gave (cat) a trinket they found while out on patrol today",
            "Listening to (elder)'s woes",
            "Had a friendly argument with (cat) about which prey tastes the best",
            "Was playing with (cat) and learned a fun new battle move from them!",
            "Was distracted while (cat) was telling a story",
            "Is charmed to hear that (cat) really admires them"
        ],
        "dislike": [
            "Divides (cat) into extra patrols",
            "Chiding (cat) for being so reckless",
            "Told (cat) to stop padding after them like a lost kit"
        ],
        "admiration": [
            "Bestowing wisdom onto (cat)"
        ],
        "comfortable": [
            "Hopes that their own kits are as cute as (cat) someday",
            "Smiles at (cat) whenever they meet",
            "Is purring loudly to comfort (cat)",
            "Listening to (elder)'s woes",
            "Is being quite considerate with (cat)",
            "Helps (cat) work through something difficult that happened to them"
        ],
        "jealousy": [],
        "trust": [
            "Wants to explore Twoleg place with (cat)",
            "Wants to sneak along the border with (cat)",
            "Tells (cat) to get their ailment treated as soon as possible"
        ]
    }
}