[
    {
        "patrol_id": 1,
        "intro_text": "Your patrol comes across a mouse",
        "success_text": "Your patrol catches the mouse!",
        "fail_text": "Your patrol narrowly misses the mouse",
        "decline_text": "Your patrol ignores the mouse",
        "antagonize_text": "",
        "antagonize_fail_text": "",
        "chance_of_success": 60,
        "exp": 10,
        "win_skills": ["good hunter", "great hunter", "fantastic hunter"]
    },
    {
        "patrol_id": 2,
        "intro_text": "Your patrol comes across a large rat",
        "success_text": "Your patrol catches the rat! More freshkill!",
        "fail_text": "Your patrol misses the rat, and their confidence is shaken",
        "decline_text": "Your patrol ignores the rat",
        "antagonize_text": "",
        "antagonize_fail_text": "",
        "chance_of_success": 50,
        "exp": 10,
        "win_skills": ["great hunter", "fantastic hunter"]
    },
    {
        "patrol_id": 3,
        "intro_text": "Your patrol comes across a large hare",
        "success_text": "Your patrol catches the hare!",
        "fail_text": "Your patrol narrowly misses the hare",
        "decline_text": "Your patrol ignores the hare",
        "antagonize_text": "",
        "antagonize_fail_text": "",
        "chance_of_success": 40,
        "exp": 20,
        "win_skills": ["fantastic hunter"]
    },
    {
        "patrol_id": 4,
        "intro_text": "Your patrol comes across a bird",
        "success_text": "Your patrol catches the bird before it flies away!",
        "fail_text": "Your patrol narrowly misses the bird",
        "decline_text": "Your patrol ignores the bird",
        "antagonize_text": "",
        "antagonize_fail_text": "",
        "chance_of_success": 50,
        "exp": 10,
        "win_skills": ["great hunter", "fantastic hunter"]
    },
    {
        "patrol_id": 5,
        "intro_text": "Your patrol comes across a squirrel",
        "success_text": "Your patrol catches the squirrel!",
        "fail_text": "Your patrol narrowly misses the squirrel",
        "decline_text": "Your patrol ignores the squirrel",
        "antagonize_text": "",
        "antagonize_fail_text": "",
        "chance_of_success": 50,
        "exp": 10,
        "win_skills": ["good hunter", "great hunter", "fantastic hunter"]
    },
    {
        "patrol_id": 6,
        "intro_text": "Your patrol sees the shadow of a fish in a river",
        "success_text": "r_c hooks the fish out of the water! More freshkill!",
        "fail_text": "Your patrol accidentally scares the fish away",
        "decline_text": "Your patrol ignores the fish",
        "antagonize_text": "",
        "antagonize_fail_text": "",
        "chance_of_success": 50,
        "exp": 10,
        "win_skills": ["great hunter", "fantastic hunter"]
    },
    {
        "patrol_id": 7,
        "intro_text": "r_c spots a rabbit up ahead but it seems to be acting strange",
        "success_text": "r_c catches the rabbit and it is eaten as normal",
        "fail_text": "r_c catches the rabbit and later the cats who eat it become violently ill",
        "decline_text": "r_c avoids catching the rabbit and looks for other prey",
        "antagonize_text": "",
        "antagonize_fail_text": "",
        "chance_of_success": 40,
        "exp": 10,
        "win_skills": ["smart", "very smart", "extremely smart"]
    },
    {
        "patrol_id": 8,
        "intro_text": "The patrol approaches a Twoleg nest while hunting",
        "success_text": "The patrol has a successful hunt, avoiding any Twolegs",
        "fail_text": "Twoleg kits scare the patrol away",
        "decline_text": "The patrol decides to hunt elsewhere",
        "antagonize_text": "",
        "antagonize_fail_text": "",
        "chance_of_success": 40,
        "exp": 10,
        "win_skills": ["great hunter", "fantastic hunter"]
    }
]