[
    {
        "patrol_id": 100,
        "intro_text": "Your patrol doesn't find anything useful",
        "success_text": "It was still a fun outing!",
        "fail_text": "How did you fail this??",
        "decline_text": "Your patrol decides to head home early",
        "antagonize_text": "",
        "antagonize_fail_text": "",
        "chance_of_success": 100,
        "exp": 10,
        "win_skills": []
    },
    {
        "patrol_id": 101,
        "intro_text": "The patrol finds a nice spot to sun themselves",
        "success_text": "The sunlight feels great and they have a pleasant patrol",
        "fail_text": "The patrol doesn't get much done because of that",
        "decline_text": "They decide to stay focused instead",
        "antagonize_text": "",
        "antagonize_fail_text": "",
        "chance_of_success": 80,
        "exp": 10,
        "win_skills": []
    },
    {
        "patrol_id": 102,
        "intro_text": "The patrol comes across a thunderpath",
        "success_text": "Your patrol crosses the thunderpath and can hunt on the other side",
        "fail_text": "r_c is hit by a monster and debates retiring to the elder den",
        "decline_text": "They decide it is better not to cross",
        "antagonize_text": "",
        "antagonize_fail_text": "",
        "chance_of_success": 50,
        "exp": 10,
        "win_skills": ["very smart", "extremely smart"]
    },
    {
        "patrol_id": 106,
        "intro_text": "p_l finds a patch of herbs that they believe the medicine cat mentioned they needed",
        "success_text": "The patrol brings the herbs back to camp and they are put to good use",
        "fail_text": "The herbs turn out to be useless weeds",
        "decline_text": "They decide to focus on the patrol instead and leave the herb collecting to the medicine cat",
        "antagonize_text": "",
        "antagonize_fail_text": "",
        "chance_of_success": 40,
        "exp": 10,
        "win_skills": ["very smart", "extremely smart"]
    },
    {
        "patrol_id": 107,
        "intro_text": "r_c goes missing during the patrol",
        "success_text": "r_c is later found carrying loads of prey after a successful hunt",
        "fail_text": "r_c is found lying injured on the ground",
        "decline_text": "r_c eventually catches up",
        "antagonize_text": "",
        "antagonize_fail_text": "",
        "chance_of_success": 40,
        "exp": 10,
        "win_skills": []
    },
    {
        "patrol_id": 108,
        "intro_text": "The smell of food lures r_c close to a Twoleg trap",
        "success_text": "r_c grabs the food before the trap goes off",
        "fail_text": "r_c is caught in the trap and is taken by Twolegs shortly after",
        "decline_text": "r_c loses interest and walks back to the patrol",
        "antagonize_text": "",
        "antagonize_fail_text": "",
        "chance_of_success": 40,
        "exp": 10,
        "win_skills": ["very smart", "extremely smart"]
    },
    {
        "patrol_id": 110,
        "intro_text": "r_c spots a large rabbit, but it is just over the border",
        "success_text": "r_c catches the rabbit without the enemy Clan noticing",
        "fail_text": "r_c is caught by an enemy Clan patrol and is sent on their way",
        "decline_text": "r_c decides against chasing the rabbit",
        "antagonize_text": "",
        "antagonize_fail_text": "",
        "chance_of_success": 50,
        "exp": 10,
        "win_skills": ["fantastic hunter"]
    }
]