[
    {
        "patrol_id": 300,
        "intro_text": "Your patrol catches the scent of a fox",
        "success_text": "Your patrol finds the fox and drives it away",
        "fail_text": "Your patrol fails to drive away to fox, but luckily there were no injuries",
        "decline_text": "Your patrol decides not to pursue the fox",
        "antagonize_text": "",
        "antagonize_fail_text": "",
        "chance_of_success": 40,
        "exp": 20,
        "win_skills": ["good fighter", "great fighter", "excellent fighter"]
    },
    {
        "patrol_id": 301,
        "intro_text": "Your patrol catches the scent of a fox",
        "success_text": "Your patrol drives away the fox and her cubs",
        "fail_text": "The mother fox fights to defend her cubs, and r_c is injured in the attack",
        "decline_text": "Your patrol decides not to pursue the fox",
        "antagonize_text": "",
        "antagonize_fail_text": "",
        "chance_of_success": 30,
        "exp": 30,
        "win_skills": ["excellent fighter"]
    },
    {
        "patrol_id": 302,
        "intro_text": "Your patrol comes across a large dog",
        "success_text": "Your patrol valiantly drives away the dog",
        "fail_text": "The dog is driven away, but not before injuring r_c",
        "decline_text": "Your patrol decides not to pursue the dog",
        "antagonize_text": "",
        "antagonize_fail_text": "",
        "chance_of_success": 40,
        "exp": 20,
        "win_skills": ["excellent fighter"]
    },
    {
        "patrol_id": 303,
        "intro_text": "Your patrol comes across a small dog",
        "success_text": "Your patrol drives away the dog",
        "fail_text": "The dog's barking scares away prey",
        "decline_text": "The patrol decides not to pursue the dog",
        "antagonize_text": "",
        "antagonize_fail_text": "",
        "chance_of_success": 60,
        "exp": 10,
        "win_skills": ["good fighter","great fighter","excellent fighter"]
    },
    {
        "patrol_id": 305,
        "intro_text": "A gang of rogues confronts your patrol",
        "success_text": "Your patrol drives away the rogues",
        "fail_text": "The rogues are bloodthirsty and kill r_c before they leave",
        "decline_text": "The patrol sprints back to camp",
        "antagonize_text": "",
        "antagonize_fail_text": "",
        "chance_of_success": 40,
        "exp": 20,
        "win_skills": ["excellent fighter"]
    },
    {
        "patrol_id": 306,
        "intro_text": "There is a badger den up ahead",
        "success_text": "Your patrol chases the badger off of the territory",
        "fail_text": "The badger is angered when the patrol nears its den and badly injures r_c",
        "decline_text": "The patrol avoids the badger den",
        "antagonize_text": "",
        "antagonize_fail_text": "",
        "chance_of_success": 40,
        "exp": 20,
        "win_skills": ["excellent fighter"]
    },
    {
        "patrol_id": 307,
        "intro_text": "There is a badger den up ahead",
        "success_text": "Your patrol chases the badger off of the territory",
        "fail_text": "The badger is furious when the patrol nears its den and kills r_c",
        "decline_text": "The patrol avoids the badger den",
        "antagonize_text": "",
        "antagonize_fail_text": "",
        "chance_of_success": 50,
        "exp": 20,
        "win_skills": ["excellent fighter"]
    },
    {
        "patrol_id": 308,
        "intro_text": "While on patrol, r_c notices some suspicious pawprints in the ground",
        "success_text": "The pawprints lead to a trespassing rogue and the patrol drives them off of the territory",
        "fail_text": "It turns out they were r_c's own pawprints... How embarrassing",
        "decline_text": "They decide not to investigate",
        "antagonize_text": "",
        "antagonize_fail_text": "",
        "chance_of_success": 60,
        "exp": 10,
        "win_skills": ["good fighter" ,"very smart", "extremely smart", "excellent fighter"]
    },
    {
        "patrol_id": 309,
        "intro_text": "While on patrol, r_c notices some suspicious pawprints in the ground",
        "success_text": "The pawprints lead to a trespassing rogue and the patrol drives them off of the territory",
        "fail_text": "The pawprints lead to a trespassing rogue who injures r_c before being driven away",
        "decline_text": "They decide not to investigate",
        "antagonize_text": "",
        "antagonize_fail_text": "",
        "chance_of_success": 60,
        "exp": 20,
        "win_skills": ["good fighter","great fighter","excellent fighter"]
    }
]
