[
    {
        "patrol_id": 400,
        "intro_text": "r_c is nervous doing a patrol by themselves",
        "success_text": "They don't let their nerves get to them and continue the patrol successfully",
        "fail_text": "They run back to camp, unable to continue",
        "decline_text": "They continue the patrol but progress is slow",
        "antagonize_text": "",
        "antagonize_fail_text": "",
        "chance_of_success": 40,
        "exp": 10,
        "win_skills": ["very smart" , "extremely smart"]
    },
    {
        "patrol_id": 401,
        "intro_text": "Since r_c is alone, they debate taking a bite out of the freshkill they have just caught",
        "success_text": "They decide not to and end up catching extra prey for the kits and elders",
        "fail_text": "They eat the freshkill; however, they do not catch more prey to make up for it and the kits and elders go hungry",
        "decline_text": "They shake the thought from their mind",
        "antagonize_text": "",
        "antagonize_fail_text": "",
        "chance_of_success": 30,
        "exp": 10,
        "win_skills": ["smart", "very smart", "extremely smart"]
    },
    {
        "patrol_id": 402,
        "intro_text": "While alone on patrol, r_c thinks about life",
        "success_text": "They find peace within themselves and enjoy the rest of the patrol",
        "fail_text": "Their thoughts are plagued with bad memories",
        "decline_text": "r_c decides to focus on the patrol",
        "antagonize_text": "",
        "antagonize_fail_text": "",
        "chance_of_success": 40,
        "exp": 10,
        "win_skills": []
    }
]