{
    "kitten": {
        "unfriendly": [],
        "neutral": [
            "Trips over (cat)",
            "Is watching over (cat)",
            "Is charmed to hear that (cat) really admires them"
        ],
        "friendly": [
            "Train playfully with (cat)",
            "Gave (cat) a trinket they found while out on patrol today"
        ],
        "close": []
    },
    "medicine cat apprentice": {
        "unfriendly": [
            "Accuses (cat) of cheating, to win so many practice fights"
        ],
        "neutral": [
            "Is frustrated that (cat) won't take their duties more seriously",
            "Has a mock battle with (cat)",
            "Has been listening to (cat) talk about how hard training has been",
            "Is jealous that (cat) got praised by the leader",
            "Thinks it's unfair that (cat) always gets to go to gatherings"
        ],
        "friendly": [
            "Was playing with (cat) and learned a fun new battle move from them!"
        ],
        "close": []
    },
    "apprentice": {
        "unfriendly": [
            "Accuses (cat) of cheating, to win so many practice fights"
        ],
        "neutral": [
            "Is frustrated that (cat) won't take their duties more seriously",
            "Has a mock battle with (cat)",
            "Has been listening to (cat) talk about how hard training has been",
            "Is jealous that (cat) got praised by the leader",
            "Doesn't understand how (cat) got so good at hunting",
            "Brings (cat) a piece of prey to share after a long day of training",
            "Is wowed by how well (cat) did in training today!",
            "Saw (cat) miss an easy catch today"
        ],
        "friendly": [
            "Was playing with (cat) and learned a fun new battle move from them!",
            "Hopes they are assigned to patrol with (cat) tomorrow"
        ],
        "close": []
    },
    "warrior": {
        "unfriendly": [],
        "neutral": [
            "Is frustrated that (cat) won't take their duties more seriously",
            "Is jealous that (cat) got to fight in a border skirmish when they didn't",
            "Saw (cat) miss an easy catch today"
        ],
        "friendly": [
            "Hopes they are assigned to patrol with (cat) tomorrow"
        ],
        "close": []
    },
    "medicine cat": {
        "unfriendly": [],
        "neutral": [
            "Escorted (cat) so they could gather herbs",
            "Thought of (cat) on the last patrol and took a rare herb with them",
            "Watched (cat) show kindness and compassion towards their patients",
            "Caught a glimpse of (cat) caring for a wounded warrior with confidence and grace",
            "Spent some time hanging out with (cat) in the medicine den",
            "Feels like (cat) isn't taking their health seriously",
            "Went to (cat) for advice about a dream they had"
        ],
        "friendly": [],
        "close": []
    },
    "leader": {
        "unfriendly": [
            "Accuses (cat) of being a bad leader"
        ],
        "neutral": ["Saw (cat) miss an easy catch today"],
        "friendly": [],
        "close": []
    },
    "deputy": {
        "unfriendly": [
            "Accuses (cat) of being a bad deputy"
        ],
        "neutral": [
            "Is tired from (cat) putting them on so many patrols",
            "Saw (cat) miss an easy catch today"
        ],
        "friendly": [],
        "close": []
    },
    "elder": {
        "unfriendly": [],
        "neutral": [],
        "friendly": [],
        "close": []
    }
}