{
    "kitten": {
        "unfriendly": [
            "Tries to scare (cat)",
            "Constantly pulling pranks on (cat)",
            "Hisses at (cat) for getting a bigger piece of prey"
        ],
        "neutral": [
            "Has a mock battle with (cat)",
            "Is jealous that (cat) is getting more attention than them",
            "Plays mossball with (cat)",
            "Sticks their tongue out at (cat)",
            "Is pretending to be (cat)",
            "Spent the whole day playing their favorite games with (cat)",
            "Had a friendly argument with (cat) about which prey tastes the best",
            "Tried to have a discussion with (cat) about what prey tastes best, but it turned into an argument",
            "Is upset that (cat) always wins in their games"
        ],
        "friendly": [
            "Chomps on (cat)'s ear",
            "Pretends to be a warrior with (cat)",
            "Is pretending to ward off foxes with (cat)",
            "Is pretending to fight off badgers with (cat)",
            "Is racing (cat) back and forth across the camp clearing",
            "Hopes (cat) will be their friend forever"
        ],
        "close": [
            "Comes up with a plan to sneak out of camp with (cat)",
            "Wants to snuggle with (cat)"
        ]
    },
    "medicine cat apprentice": {
        "unfriendly": [
            "Constantly pulling pranks on (cat)"
        ],
        "neutral": [
            "Sticks their tongue out at (cat)",
            "Is hiding under a bush from (cat), but they can't stop giggling",
            "Is pretending to be (cat)",
            "Is asking (cat) how babies are made",
            "Whines that (cat) won't play with them, even though they're always around camp"
        ],
        "friendly": [
            "Ask (cat) what it's like to be a medicine apprentice",
            "Wants to become just like (cat) someday!"
        ],
        "close": [
            "Wants to snuggle with (cat)"
        ]
    },
    "apprentice": {
        "unfriendly": [
            "Constantly pulling pranks on (cat)",
            "Thinks they should get to be an apprentice already! They're just as good as (cat)"
        ],
        "neutral": [
            "Sticks their tongue out at (cat)",
            "Is hiding under a bush from (cat), but they can't stop giggling",
            "Is pretending to be (cat)",
            "Is asking (cat) how babies are made",
            "Doesn't understand why (cat) won't let them play in the medicine cat den"
        ],
        "friendly": [
            "Ask (cat) what it's like to be a apprentice",
            "Wants to become just like (cat) someday!"
        ],
        "close": [
            "Wants to snuggle with (cat)"
        ]
    },
    "warrior": {
        "unfriendly": [
            "Constantly pulling pranks on (cat)"
        ],
        "neutral": [
            "Is biting (cat)'s tail",
            "Sticks their tongue out at (cat)",
            "Is asking (cat) how babies are made",
            "Is demanding (cat)'s attention",
            "Is pretending to be (cat)",
            "Is hiding under a bush from (cat), but they can't stop giggling"
        ],
        "friendly": [
            "Tells (cat) that they would like to be like them when they grows up",
            "Wants to become just like (cat) someday!"
        ],
        "close": [
            "Wants to snuggle with (cat)"
        ]
    },
    "medicine cat": {
        "unfriendly": [],
        "neutral": [
            "Wants to become just like (cat) someday!",
            "Watched (cat) show kindness and compassion towards their patients",
            "Caught a glimpse of (cat) caring for a wounded warrior with confidence and grace",
            "Spent some time hanging out with (cat) in the medicine den",
            "Went to (cat) for advice about a dream they had"
        ],
        "friendly": [],
        "close": []
    },
    "leader": {
        "unfriendly": [
            "Accuses (cat) of being a bad leader"
        ],
        "neutral": [
            "Wants to become just like (cat) someday!"
        ],
        "friendly": [],
        "close": []
    },
    "deputy": {
        "unfriendly": [
            "Accuses (cat) of being a bad deputy"
        ],
        "neutral": [
            "Wants to become just like (cat) someday!"
        ],
        "friendly": [],
        "close": []
    },
    "elder": {
        "unfriendly": [
            "Constantly pulling pranks on (cat)"
        ],
        "neutral": [
            "Sticks their tongue out at (cat)",
            "Is hiding under a bush from (cat), but they can't stop giggling",
            "Is asking (cat) how babies are made",
            "Was distracted while (cat) was telling a story"
        ],
        "friendly": [
            "Thinks that (cat) tells the best stories",
            "Wants to become just like (cat) someday!"
        ],
        "close": []
    }
}