{
    "kitten": {
        "unfriendly": [
            "Is scolding (cat)"
        ],
        "neutral": [
            "Trips over (cat)",
            "Had to nip (cat) on the rump because they were being naughty",
            "Is watching (cat) perform an almost-decent hunting crouch",
            "Is watching over (cat)",
            "Is charmed to hear that (cat) really admires them"
        ],
        "friendly": [
            "Is giving (cat) a badger ride on their back!",
            "Hopes that their own kits are as cute as (cat) someday",
            "Is promising to take (cat) outside of camp if they behave",
            "Gave (cat) a trinket they found while out on patrol today",
            "Is feeling proud of (cat)"
        ],
        "close": [
            "Train playfully with (cat)"
        ]
    },
    "medicine cat apprentice": {
        "unfriendly": [
            "Is scolding (cat)"
        ],
        "neutral": [
            "Is giving advice to (cat)",
            "Is giving (cat) a task",
            "Wishes (cat) would take things more seriously"
        ],
        "friendly": [
            "Is feeling proud of (cat)"
        ],
        "close": []
    },
    "apprentice": {
        "unfriendly": [
            "Is scolding (cat)"
        ],
        "neutral": [
            "Is giving advice to (cat)",
            "Is watching (cat) perform an almost-decent hunting crouch",
            "Is telling (cat) about a hunting technique",
            "Is giving (cat) a task",
            "Wishes (cat) would take things more seriously",
            "Is jealous that (cat) got to go to the last gathering",
            "Saw (cat) miss an easy catch today"
        ],
        "friendly": [
            "Is telling (cat) about their own days as an apprentice",
            "Is feeling proud of (cat)",
            "Hopes they are assigned to patrol with (cat) tomorrow"
        ],
        "close": []
    },
    "warrior": {
        "unfriendly": [],
        "neutral": [
            "Is telling (cat) about a hunting technique",
            "Is giving (cat) a task",
            "Is frustrated that (cat) won't take their duties more seriously",
            "Sparring with (cat)",
            "Is jealous that (cat) got to go to the last gathering",
            "Has noticed (cat) isn't doing a lot of work lately",
            "Saw (cat) miss an easy catch today"
        ],
        "friendly": [
            "Just told (cat) a hilarious joke",
            "Hopes they are assigned to patrol with (cat) tomorrow"
        ],
        "close": [
            "Thinks that (cat) is so much braver than them"
        ]
    },
    "medicine cat": {
        "unfriendly": [],
        "neutral": [
            "Escorted (cat) so they could gather herbs",
            "Thought of (cat) on the last patrol and took a rare herb with them",
            "Feels like (cat) isn't taking their health seriously",
            "Went to (cat) for advice about a dream they had"
        ],
        "friendly": [],
        "close": []
    },
    "leader": {
        "unfriendly": [
            "Accuses (cat) of being a bad leader"
        ],
        "neutral": [
            "Saw (cat) miss an easy catch today"
        ],
        "friendly": [],
        "close": []
    },
    "deputy": {
        "unfriendly": [
            "Thinks they should be deputy instead of (cat)",
            "Accuses (cat) of being a bad deputy"
        ],
        "neutral": [
            "Is tired from (cat) putting them on so many patrols",
            "Saw (cat) miss an easy catch today"
        ],
        "friendly": [],
        "close": []
    },
    "elder": {
        "unfriendly": [],
        "neutral": [
            "Feels like they'll never accomplish as much as (cat)"
        ],
        "friendly": [],
        "close": []
    }
}