{
    "attention-seeker": [],
    "bossy": [],
    "bouncy": [],
    "bullying": [],
    "charming": [
        "Is rolling around cutely while warriors look upon them",
        "Is rubbing up against the warriors' legs",
        "Is hoping the patrol will come back with a special gift for them like usual",
        "Is trying to purr their way out of trouble with the medicine cat"
    ],
    "daring": [],
    "daydreamer": [],
    "impulsive": [
        "Keeps streaking across the clearing",
        "Is stuck in a tree... again",
        "Is complaining of a tummy ache after eating too much",
        "Is awfully close to getting a nip on the rump for misbehaving",
        "Is waiting for an opportunity to sprint out of sight"
    ],
    "inquisitive": [],
    "insecure": [],
    "nervous": [
        "Was startled by a croaking frog",
        "Is doing their best not to get stepped on by the bigger cats"
    ],
    "noisy": [],
    "polite": [],
    "quiet": [],
    "sweet": [],
    "troublesome": [],
    "strong connection to starclan": [
        "Thinks they saw a StarClan cat in their dreams",
        "Is scrambling the medicine cat's herbs!",
        "Is pretending to be the medicine cat"
    ]
}