{
    "adventurous": [
        "Wants to explore far beyond the borders of their territory...",
        "Wonders what lays beyond the distant horizon...",
        "Is dreaming of one day discovering something new and exciting!",
        "Is itching to run, run, run!",
        "Wants to climb the tallest tree in the territory!",
        "Is itching for some excitement around camp",
        "Is considering bending the rules a bit... just this once",
        "Is showing off a trinket they found while exploring",
        "Is daydreaming about how much there must be to see out in the world!",
        "Is itching to explore the land beyond their Clan's territory",
        "Wants to go on a journey",
        "Wishes their leader would choose them to go on a quest"
    ],
    "altruistic": [
        "Is laughing at a Clanmates joke, even though they didn't find it too terribly funny",
        "Helped to gather herbs all day",
        "Offered to walk at the front of the patrol",
        "Offered to stick their nose inside a badger set to see if the badger was still there",
        "Offered to stick their nose inside a fox den to see if the fox was still there",
        "Volunteered for extra patrols",
        "Volunteered for extra duties",
        "Volunteered to stand guard of the camp"
    ],
    "ambitious": [
        "Is being admired by many Clanmates for their recent feats",
        "Is boasting loudly about having defeated an enemy warrior on patrol the other day",
        "Seems to be ordering their fellow Clanmates around",
        "Tries to put on a brave face for their Clanmates",
        "Is feeling proud of themselves",
        "Made sure to wake up early to volunteer for the dawn patrol",
        "Has been catching the most prey on the latest hunting patrols",
        "Is daydreaming about a Clan celebration in their honor someday",
        "Is asking the Clan leader what they can do to help out around camp",
        "Has been imitating the Clan leader's behaviour recently",
        "Envies the deputy's position",
        "Has been taking on extra patrols lately"
    ],
    "bloodthirsty": [
        "Is acting suspicious",
        "Has been washing their paws a lot lately",
        "Growls to themselves",
        "Has disappeared often recently",
        "Is thinking about murder",
        "Tells the warriors to get ready for a battle",
        "Yearns to fight",
        "Daydreams about killing a certain cat",
        "Wonders if they could kill a fox all by themselves",
        "Started a fight with a fellow Clanmate"
    ],
    "bold": [
        "Is getting some looks after speaking up at the last Clan meeting",
        "Spoke up recently at a Clan meeting"
    ],
    "calm": [
        "Is taking a moment to appreciate some peace and quiet",
        "Looks on as the camp buzzes around them",
        "Is basking in the gentle sunlight around camp",
        "Is meditating upon a sun-warmed rock",
        "Is humming a soothing tune to themselves as they work",
        "Is out on a peaceful stroll",
        "Is remembering simpler days with fondness",
        "Is offering gentle advice to a frustrated Clanmate",
        "Is lining their nest with lavender",
        "Smells sweet, like lavender",
        "Never fails to offer comfort to their Clanmates",
        "Is taking their sweet time eating their meal",
        "Is purring quietly"
    ],
    "careful": [
        "Is double-checking their nest for burrs",
        "Is getting a small scratch checked out by the medicine cat",
        "Is slowly and methodically grooming themselves",
        "Is chiding a younger cat for being so reckless",
        "Is padding back and forth, across the camp",
        "Is dutifully standing guard outside of camp",
        "Is helping to reinforce the nursery walls.",
        "Is helping to reinforce the camp walls.",
        "Is patching up a hole in the camp wall",
        "Is helping to reinforce the walls of the elders' den",
        "Is going back to check out an old fox burrow they discovered yesterday, just to be safe"
    
    ],
    "charismatic": [
        "Is smiling warmly at their Clanmates",
        "Is making everyone laugh at a very funny quip",
        "Always manages to turn the mood into a lighter one",
        "Is laughing with friends",
        "Is looking around camp for someone to share tongues with",
        "Winked playfully at a Clanmate from across the clearing!",
        "Has received several invitations to share tongues... and is deciding which to take",
        "Is basking in a sunray in the camp clearing",
        "Plans to go on a stroll with some cat today",
        "Is swishing their tail back and forth in a laid back manner",
        "Is grooming their already silky soft coat",
        "Is purring warmly",
        "Is purring loudly",
        "Is purring sweetly",
        "Is this moon's heartthrob",
        "Has recently given a wonderful speech to fellow Clanmates, boosting morale"
    ],
    "childish": [
        "Is chasing a butterfly around the camp",
        "Is playing with their food",
        "Is giggling about Clan drama with friends",
        "Is crunching leaves with their paws",
        "Is whining about Clan duties",
        "Is distracted by a shiny Twoleg trinket they found",
        "Is gnawing on a small bone busily",
        "Is batting at a ball of moss",
        "Is preoccupied playing an important game of hide and seek",
        "Is laughing gleefully!",
        "Splashes in a puddle of water during a patrol",
        "Jumps around while on patrol"
    ],
    "cold": [
        "Is hissing in frustration",
        "Is grunting rudely at passersby",
        "Wonders why others snap back at them",
        "Notices that their Clanmates have been nervous around them lately",
        "Is scolding the apprentices over something slight"
    ],
    "compassionate": [
        "Spent time today with a grieving Clanmate",
        "Is helping the medicine cat organize herb stores",
        "Let their Clanmate have the last piece of fresh kill on the pile this morning",
        "Is noticing with joy how well the Clan is looking after one another as of late",
        "Is listening to a Clanmate's struggles with love"
    ],
    "confident": [
        "Is building up a fellow Clanmate's confidence in battle!",
        "Is puffing their chest out",
        "Thinks that they are the smartest cat in the Clan",
        "Thinks that they are the funniest cat around",
        "Is strutting around confidently",
        "Boasts about how much fresh kill they intend to bring back to camp today",
        "Thinks that they are the best hunter in the Clan",
        "Thinks that they are the fastest runner in the Clan",
        "Is showing off their battle moves",
        "Thinks that they are the fiercest fighter in the Clan"
    ],
    "daring": [
        "Is racing through camp, accidentally knocking into Clanmates",
        "Suffered a bellyache after being dared to swallow a beetle",
        "Is challenging any Clanmate they can to a sparring match... with minimal recruiting success",
        "Is challenging some Clanmates to a sparring match, two-on-one!",
        "Is twitching their tail in excitement about something",
        "Batted at a snake on a patrol recently and fled",
        "Is leaping from boulder to boulder out in the forest",
        "Is climbing to the top of a very tall tree!",
        "Recently avoided a monster on the Thunderpath by the skin of their teeth!"

    ],
    "empathetic": [
        "Is listening to the woes of a fellow Clanmate",
        "Notices an apprentice struggling with a task and offers their help",
        "Is doing some apprentice tasks around camp, to help lighten the load",
        "Is sharing tongues with friends",
        "Is going to keep cats in the medicine den company",
        "Is taking a breath, and ponders the burdens of others they have listened to"
    ],
    "faithful": [
        "Is giving thanks to StarClan",
        "Is assuring some worried Clanmates that StarClan will guide them",
        "Is pondering their warrior ancestors, and the protections they grant the Clan",
        "Would follow their Clanmates to the ends of the earth",
        "Feels safe within the walls of the camp",
        "Is promising to always serve StarClan",
        "Is hoping that StarClan protects their loved ones...",
        "Is thanking StarClan for their catch out on a hunting patrol today"
    ],
    "fierce": [
        "Isn't scared of anything today!",
        "Can't stop flexing their claws",
        "Woke up with a flame in their belly this morning!",
        "Is unusually tame today",
        "Is looking forward to a challenge",
        "Thinks that they could take on a badger solo",
        "Thinks that they could take on a fox solo",
        "Thinks that they could take on a dog solo",
        "Hopes to earn more battle scars to show off",
        "Is pushing hard for more battle training for the apprentices",
        "Was recently chastised by the deputy for reckless behavior out on patrol",
        "Is asking with the medicine cat what herbs may help them to be stronger in battle",
        "Is showing off their battle moves",
        "Is offering to lead the patrol today"
    ],
    "insecure": [
        "Almost died of embarrassment after a recent fumble on a patrol",
        "Is wondering if they are good enough...",
        "Is thinking about where they belong",
        "Is hoping no cat saw them trip just now",
        "Hopes that they will make it through leaf-bare",
        "Took their own insecurities out on a friend the other day and feels awfully guilty..."
    ],
    "lonesome": [
        "Is sitting alone",
        "Looks on as others share tongues around the camp clearing",
        "Is eating a piece of fresh kill in a corner of camp",
        "Went out to hunt by themselves",
        "Thinks that they are alone in their thoughts and beliefs...",
        "Is looking longingly at other cats as they talk amongst themselves",
        "Went on a long, moonlit stroll the other night",
        "Is nowhere to be seen around camp",
        "Wonders if any cat would miss them if they travelled far away",
        "Is thinking wistfully about the past...",
        "Is unsure of how to start up a conversation",
        "Is fumbling with their words",
        "Is enjoying some peace and quiet away from others",
        "Is seeking out a place where they can be by themselves for a bit",
        "Is feeling a bit anxious after having been around so many cats at the last Gathering"
    ],
    "loving": [
        "Is feeling content with the little things in life",
        "Is offering any help they can to the medicine cat",
        "Is purring with friends",
        "Is purring loudly",
        "Is purring gently",
        "Needs a bit of time alone today",
        "Is talking with friends about recent celebrations"
    ],
    "loyal": [
        "Is determined to protect their loved ones",
        "Is making sure that everyone has eaten well",
        "Is boasting about their loyalty to the Clan",
        "Recently reported the nearby scent of rogues in the territory",
        "Is determined to protect their loved ones, now moreso than ever",
        "Is making sure that everyone has eaten well",
        "Recently reported the nearby scent of rogues in the territory",
        "Is boasting about their loyalty to the Clan",
        "Is listening to the Clan leader intently",
        "Is listening to the deputy intently",
        "Is telling the Clan leader details about the recent patrol",
        "Is telling the deputy details about the recent patrol",
        "Is offering constructive criticism to the deputy",
        "Has agreed to their Clan leader's orders recently, despite their own doubts",
        "Proclaimed to the Clan leader their unwavering loyalty"
    ],
    "nervous": [
        "Feels like there are ants pricking their pelt...",
        "Is dreading the thought of failure...",
        "Is nervously pacing around camp",
        "Is nervously glancing around camp",
        "Thinks that they are hearing things...",
        "Keeps checking their nest for burrs",
        "Is double checking that the camp walls are thoroughly reinforced... just in case",
        "Is fumbling over their words",
        "Is visibly stressed about something",
        "Was startled by a shrew while out on patrol!",
        "Was startled by a fluttering bird while out on patrol!",
        "Acted bravely on a recent patrol, despite their anxieties"
    ],
    "patient": [
        "Is waiting until everyone else has taken from the fresh kill pile to eat",
        "Is patiently standing guard outside of camp",
        "Is winning a staring contest against a Clanmate",
        "Is listening to a story they've heard many, many times",
        "Is listening to older cats gripe about their day",
        "Is looking up, watching the clouds roll by",
        "Is watching the breeze blow around the camp",
        "Is listening to the grass sway",
        "Is listening closely to the sounds of the forest",
        "Is waiting to watch the sun rise",
        "Is waiting to watch the sun set",
        "Is grooming, grooming, grooming away..."
    ],
    "playful": [
        "Is playing tag with cats around camp",
        "Is tossing mossballs around",
        "Pounced on a stray leaf with satisfaction",
        "Seems to be playing with their food",
        "Is play-fighting with friends",
        "Is playing a games of counting stones",
        "Is hoping to be on friendly terms with neighboring Clans someday",
        "Has been joking around a bit too much recently",
        "Is chasing a bug around the camp clearing",
        "Has been distracting their fellow Clanmates lately",
        "Is cracking jokes",
        "Is chasing their own tail, making others laugh",
        "Is happily chasing a butterfly",
        "Is running after a colorful beetle",
        "Is letting out mrrows of laughter"
    ],
    "responsible": [
        "Is making sure they've done all of their daily duties",
        "Is planning to wake up early tomorrow",
        "Was the first to rise this morning",
        "Roused the other cats awake this morning",
        "Isn't sure that they should be idling around at the moment",
        "Is planning on going to sleep early tonight",
        "Is making sure no work is being shirked!",
        "Is repairing one of the camp walls.",
        "Is offering to lead the next patrol out"
    ],
    "righteous": [
        "Wants nothing more than to live by the Warrior Code",
        "Is praying to StarClan for guidance...",
        "Is reevaluating their morals",
        "Hopes to help guide their Clanmates down the right path...",
        "Always cheers the loudest of any cat at naming ceremonies",
        "Is refusing to follow the deputy's recent orders due to their own morals"
    ],
    "shameless": [
        "Is grooming intensely in clear view of everyone else in camp",
        "Is snoring... at a ridiculous volume",
        "Announced that they are heading to the dirtplace",
        "Is eating, chewing very loudly",
        "Was found to be faking a bellyache, earning a stern lecture",
        "Stumbled into mud earlier and has yet to wash",
        "Was found napping in another cat's nest!",
        "Is fishing for compliments on their recently groomed fur"
    ],
    "sneaky": [
        "Is sniffing the edges of the camp wall suspiciously...",
        "Smells like they may have rolled in catmint recently...",
        "Is currently eavesdropping on two Clanmates, ears pricked",
        "Is avoiding the conversation topic at paw",
        "Is spreading rumors about Clanmates",
        "Is whispering with a fellow Clanmate at the edges of camp",
        "Recently spent the night outside of camp",
        "Is licking their chops after an unknown tasty treat"
    ],
    "strange": [
        "Is telling every cat about their weird dreams",
        "Is chasing a butterfly",
        "Stares at random cats",
        "Volunteered to guard the dirtplace...?",
        "Is telling stories that only make sense to them",
        "Doesn't feel understood by their Clanmates",
        "Wandered off alone somewhere the other day",
        "Is staring intently at something no other cat can see",
        "Is staring intently at a wall",
        "Has been distracted during recent Clan meetings",
        "Recently wandered off during training, not returning until dusk",
        "Is making odd noises",
        "Is tearing up their food",
        "Is gnawing on a stick",
        "Collects the bones of prey",
        "Is staring intently at a wall",
        "Drawing symbols in the dirt with their claws",
        "Paces back and forth",
        "Is zoned out",
        "Is telling every cat about their weird dreams"
    ],
    "strict": [
        "Is lecturing any cat who will listen about the Warrior Code",
        "Is lashing their tail furiously",
        "Will not allow themselves to rest",
        "Has been tough on themselves recently",
        "Is surveying the camp scornfully from a higher vantage point",
        "Is grooming themselves, making sure every whisker is in place",
        "Is busy chastising Clanmates... but no cat is sure what for",
        "Can't stand to watch the younger cats make fools of themselves",
        "Is conducting a rather rigorous training session for the younger warriors",
        "Takes pride in how well-run their patrols always are",
        "Is telling off younger cats for petty dishonesty out on patrol"
    ],
    "thoughtful": [
        "Offered to fetch more herbs for the medicine cat",
        "Is offering helpful advice to a gloomy Clanmate",
        "Brought back a much-needed herb to a grateful medicine cat after a hunting patrol"
    ],
    "troublesome": [
        "Won't stop pulling pranks",
        "Is causing problems",
        "Recently put a dead snake at the camp entrance to scare Clanmates",
        "Is embarrassed after getting a taste of their own bitter herbs... Serves them right!",
        "Can't seem to sit still!",
        "Is surprisingly on task today",
        "Is lightening the mood around camp with their shenanigans",
        "Got distracted quite a bit today",
        "Is bored, and looking for something to get into",
        "Ate their fill and then some from the fresh kill pile",
        "Is considering bending the rules just this once... again",
        "Is grumbling as they carry out a task for the medicine cat",
        "Climbed up a tree and nearly fell out!"
    ],
    "vengeful": [
        "Seems to be plotting something",
        "Is definitely plotting something",
        "Is glaring daggers across the camp clearing",
        "Swears that they will get their revenge... but for what?",
        "Is angrily clawing up the ground, lost in deep thought",
        "Is shredding the grass underpaw"
    ],
    "wise": [
        "Has a suggestion for the Clan leader that they wish to present",
        "Is grooming themselves thoughtfully",
        "Is telling stories to a very interested bunch of apprentices"
    ]
}