{
    "dead": {
        "kitten": [],
        "medicine cat apprentice": [],
        "apprentice": [],
        "warrior": [],
        "medicine cat": [],
        "leader": [],
        "deputy": [],
        "elder": [],
        "all": [
            "Wishes they could visit r_c in StarClan"
        ]
    },
    "alive": {
        "kitten": [],
        "medicine cat apprentice": [],
        "apprentice": [],
        "warrior": [],
        "medicine cat": [],
        "leader": [],
        "deputy": [],
        "elder": [],
        "all": []
    },
    "all": [
        "Is assigning cats to a border patrol",
        "Is assigning cats to a hunting patrol",
        "Is wondering what it would be like to be a leader",
        "Is stressed about organizing patrols",
        "Wonders who will give them nine lives", "Feels overworked",
        "Is hoping for a break", "Is assessing the apprentices",
        "Wishes they had an extra set of paws",
        "Is assigning cats to the dawn patrol",
        "Is assigning cats to the hunting patrol",
        "Is assigning cats to patrol the borders",
        "Can't believe they overslept today",
        "Is unsure of what the rest of the clan thinks of them as deputy",
        "Is doing their best to honor their Clan and their leader",
        "Must speak with the leader soon about something they found while out on patrol"
    ]
}